#{"t_start": 1701881057.4070814, "env_id": "Ur3-Default-Reach-v0"}
r,l,t
-3.119502,13,4.93375
-1.31516,8,5.866995
-4.104089,24,8.61724
-4.09061,24,11.351431
-5.313541,20,13.651489
-1.223042,6,14.334888
-0.671655,3,14.486125
-7.911222,38,19.218592
