#{"t_start": 1701873435.3957105, "env_id": "Ur3-Default-Reach-v0"}
r,l,t
-3.15962,18,11.020905
-1.469542,10,12.184372
-0.439305,2,12.401131
-1.058501,4,12.851061
-0.273881,1,12.951058
