#{"t_start": 1701944301.196958, "env_id": "Ur3-Default-Reach-v0"}
r,l,t
-0.454002,2,2.909804
-4.450825,26,8.943971
-10.457385,47,19.877553
-1.794464,11,22.411206
-1.076447,4,23.311329
-1.098725,4,24.211388
-0.402293,2,24.644863
-0.559826,2,25.078367
